<?xml version="1.0" encoding="UTF-8"?>
<library xmlns="http://www.netbeans.org/ns/library-declaration/3" version="3.0">
    <name>Comet-GlassFish-v3</name>
    <type>j2se</type>
    <description>Comet jars that are bundled with the most recently registered GlassFish installation</description>
    <display-name>Comet from GlassFish</display-name>
    <volume>
        <type>classpath</type>
        <resource>jar:file:/Users/kylestiemann/Servers/GlassFish/glassfish/modules/grizzly-comet.jar!/</resource>
    </volume>
    <volume>
        <type>src</type>
    </volume>
    <volume>
        <type>javadoc</type>
    </volume>
    <volume>
        <type>maven-pom</type>
    </volume>
    <properties/>
</library>
