<?xml version="1.0" encoding="UTF-8"?>
<library xmlns="http://www.netbeans.org/ns/library-declaration/3" version="3.0">
    <name>Java-EE-GlassFish-v3-Prelude</name>
    <type>j2se</type>
    <description>Java EE jars that are bundled with the most recently registered GlassFish installation</description>
    <display-name>Java EE from GlassFish</display-name>
    <volume>
        <type>classpath</type>
        <resource>jar:file:/Users/kylestiemann/Servers/GlassFish/mq/lib/jaxm-api.jar!/</resource>
        <resource>jar:file:/Users/kylestiemann/Servers/GlassFish/glassfish/modules/endorsed/javax.annotation.jar!/</resource>
        <resource>jar:file:/Users/kylestiemann/Servers/GlassFish/glassfish/modules/endorsed/jaxb-api-osgi.jar!/</resource>
        <resource>jar:file:/Users/kylestiemann/Servers/GlassFish/glassfish/modules/endorsed/webservices-api-osgi.jar!/</resource>
        <resource>jar:file:/Users/kylestiemann/Servers/GlassFish/glassfish/modules/bean-validator.jar!/</resource>
        <resource>jar:file:/Users/kylestiemann/Servers/GlassFish/glassfish/modules/javax.ejb.jar!/</resource>
        <resource>jar:file:/Users/kylestiemann/Servers/GlassFish/glassfish/modules/javax.el-api.jar!/</resource>
        <resource>jar:file:/Users/kylestiemann/Servers/GlassFish/glassfish/modules/javax.el.jar!/</resource>
        <resource>jar:file:/Users/kylestiemann/Servers/GlassFish/glassfish/modules/javax.enterprise.deploy.jar!/</resource>
        <resource>jar:file:/Users/kylestiemann/Servers/GlassFish/glassfish/modules/javax.faces.jar!/</resource>
        <resource>jar:file:/Users/kylestiemann/Servers/GlassFish/glassfish/modules/javax.jms.jar!/</resource>
        <resource>jar:file:/Users/kylestiemann/Servers/GlassFish/glassfish/modules/javax.mail.jar!/</resource>
        <resource>jar:file:/Users/kylestiemann/Servers/GlassFish/glassfish/modules/javax.management.j2ee.jar!/</resource>
        <resource>jar:file:/Users/kylestiemann/Servers/GlassFish/glassfish/modules/javax.persistence.jar!/</resource>
        <resource>jar:file:/Users/kylestiemann/Servers/GlassFish/glassfish/modules/javax.resource.jar!/</resource>
        <resource>jar:file:/Users/kylestiemann/Servers/GlassFish/glassfish/modules/javax.security.auth.message.jar!/</resource>
        <resource>jar:file:/Users/kylestiemann/Servers/GlassFish/glassfish/modules/javax.security.jacc.jar!/</resource>
        <resource>jar:file:/Users/kylestiemann/Servers/GlassFish/glassfish/modules/javax.servlet-api.jar!/</resource>
        <resource>jar:file:/Users/kylestiemann/Servers/GlassFish/glassfish/modules/javax.servlet.jsp-api.jar!/</resource>
        <resource>jar:file:/Users/kylestiemann/Servers/GlassFish/glassfish/modules/javax.servlet.jsp.jar!/</resource>
        <resource>jar:file:/Users/kylestiemann/Servers/GlassFish/glassfish/modules/javax.servlet.jsp.jstl-api.jar!/</resource>
        <resource>jar:file:/Users/kylestiemann/Servers/GlassFish/glassfish/modules/javax.servlet.jsp.jstl.jar!/</resource>
        <resource>jar:file:/Users/kylestiemann/Servers/GlassFish/glassfish/modules/javax.transaction.jar!/</resource>
        <resource>jar:file:/Users/kylestiemann/Servers/GlassFish/glassfish/modules/jaxb-osgi.jar!/</resource>
        <resource>jar:file:/Users/kylestiemann/Servers/GlassFish/glassfish/modules/jersey-core.jar!/</resource>
        <resource>jar:file:/Users/kylestiemann/Servers/GlassFish/glassfish/modules/webservices-osgi.jar!/</resource>
        <resource>jar:file:/Users/kylestiemann/Servers/GlassFish/glassfish/modules/weld-osgi-bundle.jar!/</resource>
    </volume>
    <volume>
        <type>src</type>
    </volume>
    <volume>
        <type>javadoc</type>
        <resource>jar:file:/Applications/NetBeans/NetBeans%208.0.app/Contents/Resources/NetBeans/enterprise/docs/javaee-doc-api.jar!/</resource>
    </volume>
    <volume>
        <type>maven-pom</type>
    </volume>
    <properties/>
</library>
