<?xml version="1.0" encoding="UTF-8"?>
<library xmlns="http://www.netbeans.org/ns/library-declaration/3" version="3.0">
    <name>jsf20</name>
    <type>j2se</type>
    <localizing-bundle>org/netbeans/modules/web/jsf20/Bundle</localizing-bundle>
    <volume>
        <type>classpath</type>
        <resource>jar:nbinst://org.netbeans.modules.web.jsf20/modules/ext/jsf-2_2/javax.faces.jar!/</resource>
    </volume>
    <volume>
        <type>src</type>
        <resource>jar:file:/Users/kylestiemann/Downloads/icefaces-4.0.0-sources.jar!//</resource>
    </volume>
    <volume>
        <type>javadoc</type>
        <resource>jar:nbinst://org.netbeans.modules.j2ee.platform/docs/javaee-doc-api.jar!/</resource>
    </volume>
    <volume>
        <type>maven-pom</type>
    </volume>
    <properties>
        <property>
            <name>maven-dependencies</name>
            <value>org.glassfish:javax.faces:2.2.7:jar</value>
        </property>
    </properties>
</library>
