<?xml version="1.0" encoding="UTF-8"?>
<!DOCTYPE bindings PUBLIC "-//NetBeans//DTD Editor KeyBindings settings 1.1//EN" "http://www.netbeans.org/dtds/EditorKeyBindings-1_1.dtd">
<bindings>
    <bind actionName="copy-to-clipboard" key="D-C"/>
    <bind actionName="find" key="D-F"/>
    <bind actionName="find-previous" key="SD-F"/>
    <bind actionName="fix-imports" key="SD-I"/>
    <bind actionName="format" key="SO-F"/>
    <bind actionName="generate-code" key="O-I"/>
    <bind actionName="insert-tab" key="TAB"/>
    <bind actionName="page-up" key="O-Y"/>
    <bind actionName="paste-from-clipboard" key="D-V"/>
    <bind actionName="redo" key="SD-Z"/>
    <bind actionName="redo" key="SO-Z"/>
    <bind actionName="remove-line" key="O-K"/>
    <bind actionName="replace" key="D-R"/>
    <bind actionName="select-all" key="D-A"/>
    <bind actionName="undo" key="D-Z"/>
    <bind key="SO-W" remove="true"/>
    <bind key="O-Q$TAB" remove="true"/>
    <bind key="S-SPACE" remove="true"/>
    <bind key="D-S" remove="true"/>
    <bind key="PAGE_UP" remove="true"/>
    <bind key="PASTE" remove="true"/>
    <bind key="O-BACK_SLASH" remove="true"/>
    <bind key="FIND" remove="true"/>
    <bind key="UNDO" remove="true"/>
    <bind key="COPY" remove="true"/>
    <bind key="SO-5" remove="true"/>
    <bind key="O-X$H" remove="true"/>
    <bind key="O-C$O-C" remove="true"/>
    <bind key="O-R" remove="true"/>
</bindings>
