<?xml version="1.0" encoding="UTF-8"?>
<actions>
        <action>
            <actionName>CUSTOM-build-development</actionName>
            <displayName>build-development</displayName>
            <goals>
                <goal>clean</goal>
                <goal>install</goal>
            </goals>
            <activatedProfiles>
                <activatedProfile>development</activatedProfile>
            </activatedProfiles>
        </action>
        <action>
            <actionName>CUSTOM-install</actionName>
            <displayName>install</displayName>
            <goals>
                <goal>install</goal>
            </goals>
        </action>
        
</actions>
